/,23061
/apis/oik-apis/,11842
/oik-plugins/oik-shortcode-server/,2014
/wordpress-plugins-from-oik-plugins/,1878
/shortcodes/,1739
/oik-plugins/oik-bwtrace-debug-trace-for-wordpress/,1200
/apis/oik-shortcodes-apis/,1185
/oik-plugins/oik-weightcountry-shipping-pro/,1143
/oik-plugins/oik-nivo-slider-jquery-nivo-slider/,1048
/2014/04/implement-missing-sociable-shortcode-functions-php/,1031
/oik-plugins/oik-clone-clone-your-wordpress-content/,975
/home/,768
/oik-plugins/oik-weightcountry-shipping-woocommerce-extension/,752
/oik-plugins/oik-types/,750
/oik-plugins/privacy-policy-page-generator/,664
/wordpress-plugins-from-oik-plugins/wordpress-plugins/oik-nivo-slider/oik-nivo-slider-faq/oik-custom-image-link-url/,661
/oik_file/feedoik-banner-feed-php/,637
/wordpress-plugins-from-oik-plugins/free-oik-plugins/,635
/oik-plugins/oik-bob-bing-wide-more-lazy-smart-shortcodes/,633
/wordpress-plugins-from-oik-plugins/wordpress-plugins/,611
/oik_api/bw_trace2/,597
/apis/plugins/action-filter-hooks/,590
/oik-plugins/cookie-cat-tabulate-your-website-cookies/,566
/oik-plugins/oik-batchmove/,560
/wordpress-plugins-from-oik-plugins/wordpress-plugins/oik-nivo-slider/nivo-settings/,548
/2014/12/pagination-not-working-properly-wordpress-4-1/,547
/about-oik-plugins-lazy-smart-shortcodes/,538
/support/stay-informed/,5
/oik-plugins/oik-lib-shared-library-management/,533
/support/contact/contact-us/,531
/tutorials/,517
/apis/,508
/wp-content/themes/genesis-oik/images/ui-icons_454545_256x240.png,508
/blog/,504
/oik_api/bw_array_get/,503
/oik-plugins/oik-user/,499
/wordpress-plugins-from-oik-plugins/oik-base-plugin-2/oik-faq/,492
/oik-plugins/external-link-warning-jquery/,489
/oik-plugins/bbboing/,488
/wordpress-plugins-from-oik-plugins/premium-oik-plugins/,486
/oik-plugins/oik-css/,482
/wordpress-plugins-from-oik-plugins/oik-base-plugin/oik-jquery-library/jquery-fancybox/jquery-fancybox-with-nivo-slider/,473
/oik-plugins/oik-bbpress-strip-tags-from-bbpress-forum-title-tooltips/,472
/wordpress-plugins-from-oik-plugins/oik-base-plugin/,471
/oik-plugins/oik-buddypress-signup-email/,453
/oik-plugins/oik-rwd/,449
/oik_api/e/,449
/examples/,445
/oik-plugins/us-tides/,444
/2012/12/fix-for-warning-json_encode-expects-exactly-1-parameter-2-given/,443
/oik-plugins/diy-oik/,442
/oik-plugins/oik/,436
/oik-plugins/oik-testimonials/,433
/about-oik-plugins-lazy-smart-shortcodes/smart-shortcodes/,430
/oik-plugins/oik-edd/,426
/about-oik-plugins-lazy-smart-shortcodes/lazy-shortcodes/,423
/support/sitemap/,416
/oik-plugins/oik-plugins-wordpress-plugins-server/,416
/oik-plugins/oik-ms-oik-multisite-shortcodes/,414
/oik_api/p/,413
/oik-plugins/oik-read-progressively-reveal-content/,410
/oik-plugins/oik-themes-wordpress-themes-server/,402
/oik-plugins/oik-sc-help-shortcode-help-shortcodes/,400
/oik-plugins/oik-debug-filters/,399
/oik-plugins/oik-responsive-menu-jquery-responsive-menu/,398
/oik-plugins/oik-email-signature/,396
/oik-plugins/oik-infusionsoft-sign-up-form/,396
/oik-plugins/oik-video-bw_video-shortcode/,388
/oik-plugins/oik-clone-clone-your-wordpress-content/,387
/oik-plugins/oik-dates-custom-date-fields/,384
/oik-plugins/oik-mshot/,381
/wordpress-plugins-from-oik-plugins/oik-base-plugin-2/oik-changelog/,374
/oik-plugins/oik-blogger-redirect/,370
/oik-plugins/oik-woo/,370
/oik-plugins/oik-sidebar-widget-wrangler-for-artisteer-themes/,369
/oik-plugins/oik-header-custom-header-image/,368
/oik-plugins/oik-batch/,367
/oik_api/oik_attachment_fields_to_save/,365
/oik-plugins/oik-tunes/,364
/2014/10/fix-unresponsive-menu-button-child-themes-twentytwelve/,363
/oik-plugins/oik-popup-time-delayed-slide-content/,362
/oik-plugins/oik-window-width/,360
/oik-plugins/oik-post-type-support/,358
/oik-plugins/oik-presentation/,357
/oik-plugins/oik-squeeze/,352
/oik_api/button/,349
/apple-touch-icon.png,347
/oik-plugins/oik-fum-flexible-update-manager/,343
/oik-plugins/foobar-least-amazing-plugin-world/,341
/oik-plugins/wordpress-core-functionality/,341
/wp-content/themes/genesis-oik/images/ui-bg_glass_65_ffffff_1x400.png,338
/wp-content/themes/genesis-oik/images/ui-bg_flat_75_ffffff_40x100.png,338
/wp-content/themes/genesis-oik/images/ui-bg_glass_75_e6e6e6_1x400.png,338
/oik_shortcodes/bw_navi/,333
/download/multi-rate-weightcountry-shipping-for-woocommerce/,332
/wordpress-plugins-from-oik-plugins/oik-base-plugin/oik-options/oik-options-buttons/oik-button-for-bw_button-shortcode/,332
/oik-plugins/oik-todo-todo-list/,330
/wp-content/themes/genesis-oik/images/ui-icons_888888_256x240.png,329
/wordpress-plugins-from-oik-plugins/wordpress-plugins/oik-nivo-slider/nivo-settings/nivo-slider-transition-effects/,323
/apis/oik-fields-apis/,321
/wordpress-themes-oik-plugins/free-themes/,321
/oik-plugins/third-contact-plugin/,318
/oik-plugins/oik-workingfeedback-testimonials/,317
/apple-touch-icon-precomposed.png,315
/wordpress-plugins-from-oik-plugins/oik-base-plugin-2/oik-changelog/,313
/wordpress-themes-oik-plugins/bespoke-themes/,310
/download/external-link-warning-jquery/,307
/wordpress-plugins-from-oik-plugins/oik-base-plugin-2/oik-donate/,307
/apis/oik-batchmove-apis/,307
/2013/12/escaped-shortcodes-unexpectedly-expanded-get_the_excerpt/wp-admin/admin-ajax.php,305
/wordpress-plugins-from-oik-plugins/wordpress-plugins/oik-nivo-slider/responsive-nivo-slider/,304
/oik-plugins/oik-rating/,304
/wordpress-plugins-from-oik-plugins/oik-base-plugin-2/oik-faq/,303
/wordpress-themes-oik-plugins/premium-themes/,302
/checkout/,297
/download/us-saltwater-tide-times-and-heights/,297
/comments/feed/,296
/oik_api/etag/,294
/wordpress-plugins-from-oik-plugins/wordpress-plugins/oik-nivo-slider/nivo-slider-defined-slide-order/,293
/download/do-it-yourself-diy-shortcodes/,290
/apis/plugins/api-list/,285
/wordpress-plugins-from-oik-plugins/oik-base-plugin-2/oik-svn/,273
/wordpress-plugins-from-oik-plugins/oik-base-plugin/oik-css/,272
/oik-installation/,271
/wordpress-plugins-from-oik-plugins/oik-base-plugin-2/oik-donate/,271
/oik_api/oik_require/,268
/oik_api/stag/,267
/wordpress-plugins-from-oik-plugins/oik-weightcountry-shipping-faqs/,264
/oik-plugins/oik-libs-shared-library-repository/,264
/oik_api/bw_trace_included_files/,263
/wordpress-plugins-from-oik-plugins/wordpress-plugins/oik-nivo-slider/oik-nivo-slider-faq/oik-nivo-slider-thumbnail-parameter/images-attached-to-related-pages/child-page-2-for-nivo-thumbnail-parameter-example/,262
/wordpress-plugins-from-oik-plugins/wordpress-plugins/oik-nivo-slider/oik-nivo-slider-themes/,261
/wordpress-plugins-from-oik-plugins/oik-base-plugin-2/oik-installation/,261
/request-an-api-key/,256
/2013/12/escaped-shortcodes-unexpectedly-expanded-get_the_excerpt/,256
/oik_api/bw_skv/,253
/shortcode_example/bw_table-showing-non-oik-plugins/,252
/wordpress-plugins-from-oik-plugins/wordpress-plugins/oik-nivo-slider/oik-nivo-slider-themes/oik-nivo-slider-theme-bar/,251
/oik_api/bw_ret/,251
/apis/plugins/shortcodes-and-apis/,250
/author/vsgloik/,249
/oik-plugins/oik/,242
/wordpress-plugins-from-oik-plugins/wordpress-plugins/oik-nivo-slider/getting-started-with-oik-nivo-slider/,240
/wordpress-plugins-from-oik-plugins/oik-base-plugin/oik-jquery-library/jquery-fancybox/jquery-fancybox-with-gallery-shortcode/,239
/wordpress-plugins-from-oik-plugins/oik-base-plugin-2/oik-installation/,238
/wordpress-plugins-from-oik-plugins/oik-base-plugin-2/oik-paypal-buttons/,237
/oik_hook/bw_jquery_script_url/,237
/oik_api/bw_backtrace/,237
/wordpress-plugins-from-oik-plugins/oik-base-plugin-2/oik-plugins-github/,234
/wordpress-plugins-from-oik-plugins/wordpress-plugins/uk-tides/,234
/support/privacy-policy/,231
/oik_api/add_action/,230
/wordpress-plugins-from-oik-plugins/oik-base-plugin-2/oik-svn/,230
/oik_api/bw_format_nivo_nggallery/wp-admin/admin-ajax.php,229
/oik_premiumversion/oik-plugins-v1-15-4/,229
/oik_api/alink/,226
/oik-faq/fix-shipping-methods-found-message/,222
/wordpress-plugins-from-oik-plugins/wordpress-plugins/oik-nivo-slider/jquery-nivo-version-3-1/,221
/wordpress-plugins-from-oik-plugins/oik-base-plugin-2/oik-plugins-github/,220
/wordpress-plugins-from-oik-plugins/wordpress-plugins/oik-nivo-slider/oik-nivo-slider-themes/oik-nivo-slider-theme-light/,220
/wordpress-plugins-from-oik-plugins/wordpress-plugins/oik-nivo-slider/nivo-settings/nivo-slider-transition-effects/nivo-slider-effectslicedownright/,219
/oik_shortcodes/bw_codes/,217
/wordpress-plugins-from-oik-plugins/wordpress-plugins/oik-nivo-slider/responsive-nivo-slider/responsive-nivo-slider-captions/,213
/oik_pluginversion/oik-ms-v0-2-1/,212
/wordpress-plugins-from-oik-plugins/wordpress-plugins/oik-nivo-slider/,212
/2012/08/oik-nivo-slider-thumbnail-parameter-examples/,211
/oik_shortcodes/bw_accordion/,207
/wp-content/themes/genesis-oik/images/ui-bg_glass_75_dadada_1x400.png,207
/wordpress-plugins-from-oik-plugins/wordpress-plugins/bbboing/,206
/oik_api/bw_trace/,204
/download/oik-popup-time-delayed-slide-content/,202
/mad-mimi-landing/,202
/examples/how-to-create-a-contact-page-using-oik-and-jetpack/jetpack-contact-field-shortcode-country-select-list/,200
/wordpress-plugins-from-oik-plugins/wordpress-plugins/oik-nivo-slider/oik-nivo-slider/,197
/2014/03/weight-country-shipping-woocommerce-extension-plugin/,196
/oik-weightcountry-shipping-basic-user-guide/,195
/apis/plugins/files-plugin/,195
/wordpress-plugins-from-oik-plugins/oik-base-plugin/oik-options/oik-options-plugins/oik-options-plugins-add-plugin/,194
/wordpress-plugins-from-oik-plugins/free-oik-plugins/oik-trace-plugin/,194
/oik_api/bw_get_posts/,193
/oik_shortcodes/bw_cycle/,192
/tutorials/recover-from-a-wordpress-fatal-error-using-your-wesites-control-panel-cpanel/,192
/apis/cookie-cat-apis/,192
/wordpress-plugins-from-oik-plugins/oik-base-plugin/oik-options/oik-options-overview/oik-options-overview-shortcode-options/,191
/oik_shortcodes/bw_block/,190
/wordpress-plugins-from-oik-plugins/oik-base-plugin/oik-options/oik-options-buttons/oik-paypal/,190
/wordpress-plugins-from-oik-plugins/wordpress-plugins/oik-nivo-slider/oik-nivo-slider-faq/displaying-a-news-slider/,189
/wordpress-plugins-from-oik-plugins/oik-base-plugin/oik-jquery-library/jquery-fancybox/jquery-fancybox-with-hand-crafted-html/,188
/apis/oik-plugins-apis/,188
/wordpress-plugins-from-oik-plugins/wordpress-plugins/oik-nivo-slider/oik-nivo-slider-themes/oik-nivo-slider-theme-orman/,188
/tutorials/oik-privacy-policy-and-cookie-cat-tutorial/,187
/oik_shortcodes/bw_contact_form/,187
/oik_pluginversion/oik-user-v0-5-1/,185
/wordpress-plugins-from-oik-plugins/wordpress-plugins/oik-nivo-slider/oik-nivo-slider-faq/oik-nivo-slider-thumbnail-parameter/oik-nivo-slider-displaying-images-attached-to-a-different-post/,183
/wordpress-plugins-from-oik-plugins/wordpress-plugins/oik-nivo-slider/nivo-settings/nivo-thumbs-parameter-for-thumbnail-navigation/,182
/oik_pluginversion/oik-window-width-v0-1-1/,180
/wordpress-plugins-from-oik-plugins/wordpress-plugins/oik-nivo-slider/oik-nivo-slider-themes/oik-nivo-slider-theme-default/,179
/oik_pluginversion/oik-v3-0-0-alpha-0917/,178
/wordpress-plugins-from-oik-plugins/wordpress-plugins/oik-nivo-slider/oik-nivo-slider-faq/what-is-the-simplest-syntax-for-the-nivo-shortcode/,178
/2015/10/total-downloads-from-wordpress-org-recently-passed-250000/,178
/shortcode_example/bw_directions-shortcode-to-get-google-directions/,176
/wordpress-plugins-from-oik-plugins/wordpress-plugins/oik-nivo-slider/oik-nivo-slider-faq/nivo-slider-is-wider-than-my-images/,176
/oik_shortcodes/bw_cite/,176
/wordpress-plugins-from-oik-plugins/oik-base-plugin-2/oik-paypal-buttons/,176
/wordpress-plugins-from-oik-plugins/free-oik-plugins/oik-email-signature-email-signature-generator/,175
/oik_pluginversion/oik-bwtrace-v2-0-8/,175
/wordpress-plugins-from-oik-plugins/wordpress-plugins/oik-nivo-slider/oik-nivo-slider-faq/centering-the-slider-with-a-wider-caption/,174
/oik_file/adminoik-user-php/,173
/pages-plugin/,171
/author/bobbingwide/,171
/oik-plugins/oik-nivo-slider-jquery-nivo-slider/,171
/tutorials/recover-from-a-wordpress-fatal-error-using-your-sites-control-panel-cpanel/,170
/wordpress-plugins-from-oik-plugins/oik-base-plugin/oik-options/oik-options-overview/,170
/oik_hook/deprecated_constructor_trigger_error/,170
/wordpress-plugins-from-oik-plugins/wordpress-plugins/oik-nivo-slider/oik-nivo-slider-faq/styling-the-oik-nivo-slider-caption/,170
/shortcode_example/bw_list-shortcode-list-posts-multiple-post-types/,169
/apis/oik-privacy-policy-apis/,169
/wordpress-plugins-from-oik-plugins/oik-base-plugin/oik-options/oik-options-buttons/oik-shortcodes-button/,169
/oik_shortcodes/bw_dash/,169
/wordpress-plugins-from-oik-plugins/wordpress-plugins/oik-nivo-slider/oik-nivo-slider-themes/oik-nivo-slider-pascal/,168
/oik_pluginversion/oik-v2-4/,167
/wordpress-plugins-from-oik-plugins/oik-base-plugin/oik-options/oik-options-buttons/oik-shortcodes-quicktag/,167
/wordpress-plugins-from-oik-plugins/oik-base-plugin/oik-options/oik-options-shortcode-help/,167
/examples/example-bw_table-to-tabulate-all-oik-plugins/,167
/oik_api/isubmit/,166
/wordpress-plugins-from-oik-plugins/wordpress-plugins/oik-nivo-slider/oik-nivo-slider-themes/oik-nivo-slider-theme-dark/,166
/oik_pluginversion/oik-clone-v1-0-0-beta-0919/,166
/oik-plugins/easy-digital-downloads-edd/,165
/wordpress-plugins-from-oik-plugins/oik-base-plugin/15079-2/,165
/examples/email-signature-using-oik/,165
/wordpress-plugins-from-oik-plugins/oik-base-plugin/oik-options/oik-options-overview/oik-options-overview-custom-css/,165
/apis/oik-themes-apis/,165
/wordpress-plugins-from-oik-plugins/oik-base-plugin/oik-jquery-library/,165
/wordpress-plugins-from-oik-plugins/oik-base-plugin/oik-jquery-library/jquery-fancybox/jquery-fancybox-with-bw_images-and-bw_thumbs/,163
/oik_shortcodes/audio/,163
/oik_api/retlink/,163
/wordpress-plugins-from-oik-plugins/oik-base-plugin/oik-options/oik-options-buttons/,163
/wordpress-plugins-from-oik-plugins/oik-base-plugin/oik-options/oik-options-more-options/,163
/oik_shortcodes/bw_pages/,163
/author/herb/,163
/wordpress-plugins-from-oik-plugins/oik-base-plugin/oik-jquery-library/jquery-fancybox/,161
/archived-pages/oik-qr-code-sticker/,161
/wordpress-plugins-from-oik-plugins/wordpress-plugins/oik-nivo-slider/oik-nivo-slider-themes/oik-nivo-slider-theme-default271/,161
/oik_api/bw_get_option/,161
/shortcode_example/bw_codes-ordered-shortcode-name/,160
/wordpress-plugins-from-oik-plugins/oik-base-plugin/oik-options/oik-options-overview/oik-options-overview-servers-and-keys/,160
/oik_pluginversion/oik-v2-5-alpha-0130/,160
/oik_api/sdiv/,160
/wordpress-plugins-from-oik-plugins/oik-base-plugin/oik-options/oik-options-plugins/,159
/wordpress-plugins-from-oik-plugins/oik-base-plugin/oik-jquery-library/jquery-cycle-all-library/,159
/oik_pluginversion/oik-v2-5/,159
/apis/bbboing-apis/,159
/oik_pluginversion/oik-v2-5-beta-0409/,159
/tutorials/oik-plugins-an-introduction/,158
/wordpress-plugins-from-oik-plugins/oik-base-plugin/oik-jquery-library/jquery-fancybox/jquery-fancybox-with-bw_posts/,158
/download/blogger-to-wordpress-redirection/,157
/oik_shortcodes/paypal/,157
/oik_api/bw_flush/,157
/wordpress-plugins-from-oik-plugins/oik-base-plugin-2/,156
/wordpress-plugins-from-oik-plugins/oik-base-plugin/oik-jquery-library/jquery-countdown-timer/,156
/wordpress-plugins-from-oik-plugins/wordpress-plugins/oik-nivo-slider/introducing-the-oik-nivo-slider/,156
/oik_shortcodes/bw_blockquote/,155
/wordpress-plugins-from-oik-plugins/wordpress-plugins/oik-nivo-slider/nivo-themepascal/,155
/purchase-confirmation/,155
/wordpress-plugins-from-oik-plugins/wordpress-plugins/oik-nivo-slider/nivo-custom-theme-norman/,155
/apis/diy-oik-apis/,154
/apis/oik-nivo-slider-apis/,154
/wordpress-plugins-from-oik-plugins/wordpress-plugins/oik-nivo-slider/oik-nivo-slider-faq/oik-nivo-slider-with-links-opening-in-new-window/,154
/oik_pluginversion/oik-clone-v1-0-0-beta-1013/,154
/wordpress-plugins-from-oik-plugins/wordpress-plugins/oik-nivo-slider/oik-nivo-slider-faq/oik-nivo-slider-thumbnail-parameter/,153
/wordpress-plugins-from-oik-plugins/free-oik-plugins/oik-trace-plugin/an-introduction-to-problem-determination-with-oik-bwtrace-debug-trace-for-wordpress/,153
/oik_api/bw_file_to_url/,153
/wordpress-plugins-from-oik-plugins/oik-base-plugin/oik-options/oik-options-overview/oik-options-overview-oik-documentation/,153
/oik-plugins/oik/,153
/wordpress-plugins-from-oik-plugins/wordpress-plugins/oik-nivo-slider/oik-nivo-slider-faq/,153
/oik_pluginversion/oik-fields-v1-40-1/,152
/wordpress-plugins-from-oik-plugins/wordpress-plugins/oik-privacy-policy-generate-a-privacy-policy-page-compliant-with-uk-cookie-law/,152
/wordpress-plugins-from-oik-plugins/oik-base-plugin/oik-options/,152
/oik_pluginversion/oik-v2-6-alpha-0722/,152
/oik-themes/artisteer-template/,151
/oik_api/oik_cpt_edit_type_fields/,151
/wordpress-plugins-from-oik-plugins/wordpress-plugins/oik-nivo-slider/oik-nivo-slider-faq/nivo-slider-showing-some-images-bw_images-the-others/,151
/wordpress-plugins-from-oik-plugins/wordpress-plugins/oik-nivo-slider/nivo-pascal-theme-no-captions/,151
/wordpress-plugins-from-oik-plugins/free-oik-plugins/oik-trace-plugin/start-tracing-from-wp-config-php/,151
/oik_shortcodes/bw_blog/,150
/oik_file/shortcodesoik-user-php/,150
/apis/oik-user-apis/,150
/oik_api/do_action/,149
/apis/oik-ms-apis/,149
/wordpress-plugins-from-oik-plugins/free-oik-plugins/oik-trace-plugin/oik-bwtrace-modifications-to-wp-includesplugin-php/,149
/oik_shortcodes/oik-spells-out-the-oik-backronym/,149
/oik_pluginversion/oik-bwtrace-v2-0-6/,148
/apis/oik-types-apis/,148
/shortcode_example/bw_button-link-top-middle-bottom-page/,148
/wordpress-plugins-from-oik-plugins/free-oik-plugins/oik-trace-plugin/wordpress-plugins-for-debugging-or-problem-determination/,148
/wordpress-plugins-from-oik-plugins/oik-base-plugin/oik-options/oik-options-overview/oik-options-overview-support-oik/,148
/author/bobbingwide/,148
/oik_pluginversion/oik-v2-6-alpha-0525/,148
/shortcode_example/bw_logo/,147
/2014/11/posting-sharing-facebook/,147
/2015/09/testing-shortcake-compatibility/,147
/shortcodes/oik-tides-shortcode-bw_tides/,146
/wordpress-plugins-from-oik-plugins/wordpress-plugins/oik-nivo-slider/oik-nivo-slider-themes/oik-nivo-slider-theme-oik/,146
/wordpress-plugins-from-oik-plugins/oik-base-plugin/oik-options/oik-options-overview/oik-options-overview-admin-options/,146
/wordpress-plugins-from-oik-plugins/wordpress-plugins/oik-nivo-slider/jquery-nivo-version-3-1/jquery-nivo-2-7-1-for-backward-compatibility/,146
/oik_shortcodes/template_url/,146
/oik_premiumversion/oik-shortcodes-v1-27-2/,146
/wordpress-plugins-from-oik-plugins/wordpress-plugins/cookie-cat/,145
/wordpress-plugins-from-oik-plugins/free-oik-plugins/oik-email-signature-email-signature-generator/oik-email-signature-settings/,145
/shortcode_example/bw_bookmarks-shortcode-2/,144
/apis/foobar-apis/,144
/apis/plugins/,144
/oik_shortcodes/bw/,143
/oik_shortcodes/bw_parent/,143
/2011/12/default-styling-for-footer-menu-in-an-artisteer-style-footer-block/,143
/wordpress-plugins-from-oik-plugins/free-oik-plugins/oik-trace-plugin/settings-oik-action-options/,143
/,143
/oik_api/bw_parent/,142
/2012/12/copyright-2013-automatic-with-bw_copyright/,142
/2014/02/oik-nivo-slider-v1-11-now-available/,142
/shortcode_example/bw_jq-and-bw_list-to-implement-the-flex-slider-to-display-attached-images/,141
/oik_api/bw_tablerow/,141
/oik_file/oik-site-php/,140
/oik_shortcodes/playlist/,140
/download/infusionsoft-sign-up-form-wordpress-plugin/,140
/oik_shortcodes/bw_blogs/,140
/oik_hook/activated_plugin/,140
/oik_shortcodes/artisteer/,139
/oik_shortcodes/ad/,139
/wordpress-plugins-from-oik-plugins/free-oik-plugins/oik-trace-plugin/oik-bwtrace-action-and-filter-trace-file-bwaction-loh/,139
/apis/oik-dates-apis/,139
/oik_pluginversion/oik-v2-6-alpha-0724/,139
/oik_shortcodes/bw_tabs/,139
/oik_shortcodes/bw_crumbs/,139
/oik_shortcodes/bw_show_googlemap/,139
/2015/09/clone-the-time-as-well/,138
/oik_premiumversion/oik-weightcountry-shipping-pro-v1-4-1/,138
/oik_shortcodes/login_link/,138
/oik-plugins/oik-weightcountry-shipping-pro/,138
/oik_shortcodes/bw_users/,138
/oik_shortcodes/bw_api/,138
/oik_hook/admin_notices/,137
/oik_api/oik_require_lib/,137
/oik_shortcodes/post_link/,137
/oik_hook/admin_enqueue_scripts/,137
/oik_pluginversion/oik-v3-0-0-alpha-0806/,137
/shortcode_example/wtf/,137
/wordpress-plugins-from-oik-plugins/oik-base-plugin/oik-jquery-library/jquery-fancybox/jquery-fancybox-with-nivo-slider/,137
/shortcodes/not-oiks-shortcodes/the-youtube-video-shortcode-from-jetpack/,137
/2015/09/shortcodes-requirements-for-input-editing-and-formatting/,136
/shortcode_example/bw_css-add-custom-gradient-background-drop-shadow-opacity/,136
/wordpress-plugins-from-oik-plugins/free-oik-plugins/oik-header-plugin/how-to-change-your-custom-header-image/,136
/shortcode_example/bw_contact_button-contact-button/,136
/oik_api/bw_as_array/,136
/shortcode_example/bw_tides-shortcode-chichester-harbour-tide-times-heights/,136
/oik_pluginversion/oik-v3-0-0-alpha-0820/,135
/oik_shortcodes/bw_eblock/,135
/oik_shortcodes/ngslideshow/,135
/oik-themes/oik20120-twenty-twelve-child-theme/,135
/oik_shortcodes/xhtml/,135
/oik_shortcodes/bw_images/,135
/getting-started-with-oik-plugins/,134
/shortcode_example/nivo-classw50pc-half-width-nivo-slider/,134
/oik_shortcodes/search/,134
/wordpress-plugins-from-oik-plugins/wordpress-plugins/oik-nivo-slider/oik-nivo-slider-themes/oik-nivo-slider-theme-oik271/,134
/2014/01/oik-v2-1-alpha-1231-now-available-wordpress-3-8/,133
/oik_shortcodes/caption/,133
/shortcode_example/oik-bwtrace/,133
/wordpress-plugins-from-oik-plugins/premium-oik-plugins/oik-shortcodes-apis/,133
/2012/02/tide-times-in-herne-bay/,133
/wordpress-plugins-from-oik-plugins/oik-base-plugin/oik-jquery-library/jquery-fancybox/jquery-fancybox-with-nivo-slider/,133
/getting-started-with-oik-plugins/,132
/oik_shortcodes/css/,132
/shortcode_example/bbboing-common-wordpress-phrases/,132
/wordpress-plugins-from-oik-plugins/free-oik-plugins/oik-trace-plugin/debug-trace-dependency-on-the-oik-base-plugin/,132
/oik-themes/oik2012/,132
/wordpress-plugins-from-oik-plugins/premium-oik-plugins/multi-rate-weightcountry-shipping-for-woocommerce/oik-weightcountry-shipping-pro-basic-user-guide/,132
/2014/03/oik-version-2-2-alpha-0326-now-available/,132
/oik_shortcodes/cloned/,132
/oik_shortcodes/bw_css/,132
/examples/example-bw_pages/,131
/oik_shortcodes/github/,131
/oik_shortcodes/bw_login/,131
/wordpress-plugins-from-oik-plugins/wordpress-plugins/oik-nivo-slider/nivo-settings/nivo-slider-transition-effects/nivo-slider-effectslicedownleft/,131
/oik_shortcodes/rss_url/,131
/shortcode_example/bbboing-text-form-parameters/,131
/oik_shortcodes/rss-2/,130
/wordpress-plugins-from-oik-plugins/oik-base-plugin/banner-772x250-12/,130
/oik_shortcodes/bong/,130
/examples/example-using-bw_jq-to-cycle-through-some-posts/,130
/oik_api/add_filter/,130
/oik_shortcodes/bw_jq/,129
/oik_shortcodes/bw_follow_me/,129
/apis/oik-read-apis/,129
/oik_pluginversion/oik-bwtrace-v2-0-5/,129
/oik_shortcodes/bw_more/,129
/oik_shortcodes/top/,129
/examples/example-nivo-using-the-id-parameter-to-select-multiple-posts/,129
/2014/10/press-release-wp-a2z-dynamic-api-reference-wordpress-plugins-themes/,129
/oik_pluginversion/oik-weight-countryshipping-v1-3-1/,128
/shortcode_example/bw_link-src-url/,128
/oik_hook/init/,128
/shortcode_example/cookies/,128
/apis/oik-rwd-apis/,128
/examples/example-using-bw_jq-and-bw_pages/,128
/shortcode_example/bw_editcss-edit-your-custom-css-file/,128
/shortcode_example/bw_button-shortcode-display-inline-call-action-link/,128
/oik_api/oik_plugin_lazy_activation/,128
/shortcode_example/bw_related-format-parameter/,128
/oik_api/oik_box/,128
/oik_shortcodes/bw_table/,128
/oik_hook/after_plugin_row_bbboingbbboing-php/,128
/examples/how-to-create-a-contact-page-using-oik-and-jetpack/,127
/oik_pluginversion/oik-v2-4-beta-1222/,127
/oik_shortcodes/bw_rpt/,126
/shortcode_example/bw_pdf-list-attached-pdfs-withwithout-icons/,126
/wordpress-plugins-from-oik-plugins/free-oik-plugins/oik-trace-plugin/settings-oik-trace-options/,126
/examples/example-bw_pages-with-thumbnail85x0/,126
/oik_pluginversion/oik-bob-bing-wide-v1-30-2/,126
/oik_shortcodes/bw_autop/,126
/shortcode_example/improved-bw_plug-shortcode/,125
/oik_premiumversion/oik-plugins-v1-15-3/,125
/oik_pluginversion/oik-css-v0-8-0/,125
/wordpress-plugins-from-oik-plugins/wordpress-plugins/oik-nivo-slider/nivo-settings/nivo-slider-transition-effects/nivo-slider-effect-parameter/,125
/oik_shortcodes/year/,125
/new-home/,125
/oik_pluginversion/oik-bwtrace-v2-0-4/,125
/oik_shortcodes/bw_countdown/,124
/apis/plugins/classes-plugin/,124
/wordpress-plugins-from-oik-plugins/free-oik-plugins/oik-fields-custom-fields-plugin/oik-fields-field-types/currency-field-type/,124
/shortcodes/bw_skype-shortcode-display-skype-name/,124
/oik_hook/get_the_excerpt/,124
/shortcode_example/bw_cycle-attached-images/,124
/oik_pluginversion/oik-bwtrace-v2-0-3/,123
/shortcodes/oik-button-shortcodes-bw_button/,123
/oik_hook/doing_it_wrong_trigger_error/,123
/apis/oik-external-link-warning-apis/,123
/shortcode_example/bw_address-styled-address-label/,123
/2014/07/embed-pdf-file/,123
/oik_api/span/,122
/wordpress-plugins-from-oik-plugins/free-oik-plugins/oik-fields-custom-fields-plugin/oik-fields-field-types/oik-fields-virtual-field/,122
/oik_hook/admin_init/,122
/shortcode_example/simple-example-wp-shortcode/,122
/wordpress-plugins-from-oik-plugins/free-oik-plugins/oik-fields-custom-fields-plugin/oik-fields-requirements-implementation-overview/,122
/shortcode_example/bw_posts-list-posts/,122
/oik_shortcodes/bw_count/,121
/oik_shortcodes/bp/,121
/oik_pluginversion/oik-bwtrace-v1-26/,121
/oik_shortcodes/embed/,121
/oik_shortcodes/nivo/,121
/oik_api/apply_filters/,121
/2013/06/using-bw_jq-to-display-the-flex-slider/,121
/oik_api/bw_build_url/,121
/shortcode_example/bw_bookmarks-shortcode-2/,120
/oik_hook/bbp_get_forum_title/,120
/apis/oik-mshot-apis/,120
/2015/11/black-friday-cyber-monday/,120
/oik_shortcodes/apis/,120
/oik_shortcodes/wp_caption/,120
/2013/07/example-demonstrating-bw_api-shortcode/,120
/shortcode_example/bw_jq-bw_pages-cycling-display/,119
/shortcode_example/258/,119
/oik_hook/admin_bar_menu/,119
/shortcodes/not-oiks-shortcodes/,119
/shortcode_example/bw_bookmarks-shortcode-for-listing-bookmarks/,119
/oik_shortcodes/gallery/,119
/wordpress-themes-oik-plugins/,119
/shortcode_example/bw_facebook-follow-me-on-facebook/,119
/oik_hook/bw_sc_link/,119
/apis/oik-rating-apis/,119
/2011/08/tides/,119
/oik_hook/admin_menu/,119
/oik_shortcodes/bw_option/,119
/oik_api/oik_shortcodes_activation/,119
/oik_shortcodes/bw_register/,118
/shortcode_example/bw_linkedin-follow-linkedin/,118
/shortcode_example/bw_csv-to-create-a-table-with-nested-shortcodes/,118
/wordpress-plugins-from-oik-plugins/oik-base-plugin/oik-jquery-library/jquery-fancybox/jquery-fancybox-with-nivo-slider/,118
/oik_hook/admin_head-hook/,118
/wordpress-plugins-from-oik-plugins/free-oik-plugins/oik-fields-custom-fields-plugin/,118
/oik_hook/action/,118
/2012/11/oik-and-wordpress-3-5-rc1/,118
/shortcode_example/bbboing-example-display-form-user-input/,118
/shortcode_example/bw_block-and-bw_eblock/,118
/shortcode_example/bw_graphviz-oik-plugin-dependencies-plugins-powering-wp-a2z-org/,118
/oik_hook/after_plugin_row_plugin_basename/,117
/shortcodes/bw_show_googlemap/,117
/oik_api/oik_register_plugin_server/,117
/oik_pluginversion/oik-types-v1-9-0/,117
/shortcode_example/using-bw_pages-display-pdf-files-excerpts/,117
/oik_shortcodes/bw_new/,117
/oik_hook/attachment_fields_to_save/,117
/oik_shortcodes/bw_related/,117
/shortcodes/ngslideshow-and-gpslideshow-peaceful-co-existence-for-slideshow-shortcodes/,117
/oik_hook/bbboing_loaded/,117
/shortcode_example/bw_list-shortcode-simple-list-of-links/,117
/oik_shortcodes/bw_csv/,117
/shortcode_example/fix-height-nivo-slider-oik-theme/,117
/oik_hook/barfoo/,116
/wordpress-plugins-from-oik-plugins/oik-base-plugin/oik-jquery-library/jquery-fancybox/jquery-fancybox-with-nivo-slider/,116
/wordpress-plugins-from-oik-plugins/wordpress-plugins/oik-nivo-slider/nivo-settings/nivo-slider-transition-effects/nivo-slider-effectsliceupdownleft/,116
/apis/oik-sc-help-apis/,116
/oik_api/bw_better_autop/,116
/oik_hook/deprecated_argument_trigger_error/,116
/examples/example-nivo-displaying-full-size-featured-images/,116
/examples/example-using-bw_copyright-shortcode/,116
/oik_api/,116
/shortcode_example/bw_follow_me-alt1/,116
/apis/us-tides-apis/,116
/oik_api/br/,116
/oik_hook/doing_it_wrong_run/,116
/oik_shortcodes/bw_logo/,116
/oik_api/oik_url/,115
/oik_shortcodes/rss_title/,115
/oik_api/kv/,115
/oik_hook/add_attachment/,115
/oik_hook/after_plugin_row_oik-useroik-user-php/,115
/oik_shortcodes/apiref-display-the-api-reference/,115
/shortcode_example/bw_graphviz-plugins-theme-shortcodes-relationships/,115
/shortcode_example/bw_link-url/,115
/oik_hook/foobar/,115
/apis/oik-window-width-apis/,115
/examples/how-to-create-a-simple-contact-me-page-using-oik/,115
/oik_pluginversion/oik-bwtrace-v1-25/,115
/wordpress-plugins-from-oik-plugins/free-oik-plugins/oik-trace-plugin/settings-oik-action-options/count-action-hooks-and-filters/,115
/wordpress-plugins-from-oik-plugins/free-oik-plugins/oik-fields-custom-fields-plugin/oik-fields-field-types/checkbox-field-type/,115
/wordpress-plugins-from-oik-plugins/free-oik-plugins/oik-fields-custom-fields-plugin/oik-fields-field-types/,115
/apis/oik-weightcountry-shipping-apis/,115
/oik_hook/deprecated_constructor_run/,114
/oik_hook/bw_form_functions/,114
/oik-themes/nivo2011/,114
/wordpress-plugins-from-oik-plugins/free-oik-plugins/oik-fields-custom-fields-plugin/oik-fields-field-types/url-field-type/,114
/oik-themes/twenty-twelve/,114
/apis/oik-squeeze-apis/,114
/oik_pluginversion/oik-bwtrace-v2-0-7/,114
/shortcode_example/bw_cycle-example-child-pages/,114
/shortcode_example/bw_cycle-vertical-scrolling-css-arrows-2/,113
/wordpress-plugins-from-oik-plugins/premium-oik-plugins/multi-rate-weightcountry-shipping-for-woocommerce/,113
/2014/01/oik-base-plugin-60000-downloads-milestone-reached-today/,113
/2013/08/new-alpha-test-version-of-oik/,113
/shortcodes/oik-shortcodes-by-plugin/,113
/shortcode_example/bw_address-displayed-single-line/,113
/oik_hook/deprecated_function_run/,113
/apis/oik-bbpress-apis/,113
/apis/oik-testimonials-apis/,113
/apis/oik-css-apis/,113
/oik_hook/bw_nav_tabs_oik_clone_servers/,113
/oik_shortcodes/blog_title/,113
/apis/oik-sidebar-apis/,113
/shortcode_example/bw_tides-sandown/,112
/oik_hook/bw_list_table/,112
/oik_hook/adminoik-activation-php/,112
/oik_hook/after_plugin_row_diy-oikdiy-oik-php/,112
/premium-plugins/,112
/thankyou/,112
/oik_pluginversion/oik-bwtrace-v1-27/,112
/shortcodes/googleplus-shortcode-bw_googleplus/,112
/oik_hook/edit_attachment/,112
/oik_hook/after_plugin_row_oik-batchoik-batch-php/,112
/oik_shortcodes/collage/,112
/shortcode_example/to-link-or-not-to-link/,112
/oik_hook/attachment_fields_to_edit/,111
/oik_shortcodes/bw_facebook/,111
/shortcode_example/bw_graphviz-shortcodes-relationships/,111
/oik_hook/deprecated_argument_run/,111
/2011/02/learn-about-follow-me-share-buttons-and-feeds/,111
/oik_shortcodes/bw_bookmarks/,111
/wordpress-plugins-from-oik-plugins/free-oik-plugins/oik-trace-plugin/daily-trace-summary-report-bwtrace-vt-mmdd/,111
/wordpress-plugins-from-oik-plugins/wordpress-plugins/oik-nivo-slider/oik-nivo-slider-faq/oik-nivo-slider-thumbnail-parameter/images-attached-to-related-pages/child-page-1-for-nivo-thumbnail-parameter-example/,111
/wordpress-plugins-from-oik-plugins/wordpress-plugins/oik-nivo-slider/nivo-settings/nivo-slider-transition-effects/nivo-slider-effectrandom/,110
/oik_shortcodes/bw_power/,110
/oik_shortcodes/bw_abbr/,110
/oik_hook/after_plugin_row_oik-read-moreoik-read-more-php/,110
/2014/05/oik-v2-3-alpha-0509-now-available/,110
/oik-faq/how-do-i-set-multiple-rates-per-weightcountry/,110
/shortcode_example/bw_cycle-fxscrollvert/,110
/wordpress-plugins-from-oik-plugins/free-oik-plugins/oik-trace-plugin/oik-bwtrace-output-file-bwtrace-loh/,110
/shortcodes/gpslides/,110
/shortcode_example/nivo-slider-displaying-images-captions/,110
/oik-clone/,110
/oik-clone/oik-clone-requirements-summary/oik-clone-technical-requirements/support-mapping-of-post-ids-within-content/,110
/2012/02/some-average-shortcodes/,110
/oik_api/bw_pp_shortcodes/,110
/oik_api/bw_textfield/,110
/wordpress-plugins-from-oik-plugins/free-oik-plugins/oik-fields-custom-fields-plugin/oik-fields-field-types/email-field-type/,110
/2012/12/show-a-single-image-link-to-a-page-using-bw_thumbs-or-bw_images/,110
/apis/oik-working-feedback-apis/,110
/wordpress-plugins-from-oik-plugins/wordpress-plugins/oik-nivo-slider/nivo-settings/oik-nivo-slider-default-slider-options/,109
/oik-themes/genesis-oik/,109
/oik_shortcodes/bw_post/,109
/oik_hook/activate_file/,109
/oik_api/bw_array_get_dcb/,109
/shortcodes/clear-embed-a-cleared-div/,109
/shortcodes/oik-follow-me-buttons/,109
/shortcode_example/bw_mailto-and-bw_email/,109
/examples/example-using-bw_jq-and-bw_pages/example-blocky/,109
/oik_hook/after_plugin_row_oik-mshotoik-mshot-php/,109
/wordpress-plugins-from-oik-plugins/wordpress-plugins/oik-nivo-slider/oik-nivo-slider-faq/oik-nivo-slider-thumbnail-parameter/images-attached-to-related-pages/,109
/oik_hook/after_plugin_row_oik-popupoik-popup-php/,109
/apis/oik-post-type-support-apis/,108
/301-redirected-pages/,108
/latest/,108
/wordpress-plugins-from-oik-plugins/premium-oik-plugins/multi-rate-weightcountry-shipping-for-woocommerce/oik-weightcountry-shipping-pro-myhermes-parcelshop-prices/,108
/oik_shortcodes/bw_qrcode-2/,108
/oik_hook/deprecated_file_included/,108
/apis/oik-responsive-menu-apis/,108
/2014/01/oik-v2-1-now-available/,108
/apis/oik-bob-bing-wide-apis/,108
/oik_shortcodes/bw_page/,108
/oik_hook/after_plugin_row_oik-sc-helpoik-sc-help-php/,108
/2014/02/oik-nivo-slider-v1-12-now-full-html-captions/,108
/shortcode_example/diy-shortcode-affects-jetpack-sharing/,108
/oik-options-options/,108
/wordpress-plugins-from-oik-plugins/free-oik-plugins/oik-fields-custom-fields-plugin/oik-fields-field-types/date-field-type/,108
/oik_themeversion/genesis-oik-v1-0-2/,108
/oik_hook/bw_field_validation_date/,108
/oik_hook-sitemap.xml,108
/wordpress-plugins-from-oik-plugins/oik-batchmove/scheduled-republish-oik-batchmove/,108
/oik_hook/bw_metadata/,107
/oik_hook/after_plugin_row_oik-nivo-slideroik-nivo-slider-php/,107
/oik_api/bw_form/,107
/support/contact/,107
/wordpress-plugins-from-oik-plugins/premium-oik-plugins/diy-oik-shortcodes/upgrading-diy-oik-v1-4/,107
/2013/08/new-milestones-for-oik-plugins-on-wordpress-org/,107
/2011/09/bw_block-needs-to-catch-up-with-art-3-1-beta-1/,107
/oik_pluginversion/oik-v2-4-alpha-1012/,107
/oik_hook/deprecated_file_trigger_error/,107
/oik-clone/oik-clone-requirements-summary/oik-clone-technical-requirements/support-cloning-of-hierarchical-content/,107
/oik_shortcodes/etag/,107
/oik_api/bw_echo/,106
/wordpress-plugins-from-oik-plugins/free-oik-plugins/oik-email-signature-email-signature-generator/oik-email-signature-settings/screenshot-2-3/,106
/oik_hook/after_plugin_row_oik-pluginsoik-plugins-php/,106
/oik_hook/heartbeat_settings/,106
/oik_premiumversion/oik-shortcodes-v1-27-1/,106
/apis/oik-video-apis/,106
/oik_hook/pre_set_site_transient_update_themes/,106
/wordpress-plugins-from-oik-plugins/oik-base-plugin-2/oik-faq/hover-to-slidetoggle-source/,106
/2015/04/oik-v2-5-download-problem-has-been-fixed/,106
/apis/oik-presentation-apis/,106
/shortcode_example/bw_countdown-wordpress-3-9/,106
/wordpress-plugins-from-oik-plugins/premium-oik-plugins/oik-shortcode-and-api-server/building-plugins-api-reference-using-oik-shortcodes-oik-batch/,106
/oik_shortcodes/hook/,106
/oik_pluginversion/oik-v2-4-alpha-1112/,106
/shortcode_example/bw_pages-example-using-format-parameter/,106
/oik_hook/after_plugin_row_cookie-catcookie-cat-php/,106
/oik_shortcodes/bw_contact_button/,106
/oik_pluginversion/oik-weightcountry-shipping-v1-3/,105
/oik_api/bw_action/,105
/oik_shortcodes/bw_new/,105
/wordpress-plugins-from-oik-plugins/oik-weightcountry-shipping-faqs/,105
/wordpress-plugins-from-oik-plugins/premium-oik-plugins/diy-oik-shortcodes/oik-options-diy-shortcodes/oik-options-diy-shortcodes-edit/,105
/home/other-shortcode-plugins/,105
/oik_pluginversion/oik-clone-v0-8/,105
/2013/12/oik-v2-1-alpha-1204-now-available/,105
/2011/02/new-shortcode-for-bobfob-bingbong-widehide-and-wow/,105
/2011/02/212/,105
/oik_pluginversion/oik-bwtrace-v2-0-1/,105
/oik_pluginversion/oik-v2-3/,105
/oik_hook/bw_sc_syntax/,105
/2015/07/oik-plugins-com-has-moved-to-siteground/,105
/wordpress-plugins-from-oik-plugins/premium-oik-plugins/diy-oik-shortcodes/oik-options-diy-shortcodes/oik-options-diy-shortcodes-delete/,105
/shortcode_example/fix-height-nivo-slider-default-theme/,105
/oik_hook/option/,104
/oik-clone/oik-clone-requirements-summary/oik-clone-technical-requirements/,104
/wordpress-plugins-from-oik-plugins/free-oik-plugins/oik-video-plugin/standard-wp-options-displaying-videos/,104
/oik_hook/admin_footer/,104
/oik_file/shortcodesoik-api-importer-php/,104
/oik_pluginversion/oik-batchmove-v2-4/,104
/apis/oik-bp-signup-email-apis/,104
/shortcode_example/bw-with-cph-parameter/,104
/shortcode_example/set-height-nivo-slider-default-theme/,104
/oik_hook/after_plugin_row_oik-typesoik-types-php/,104
/oik_shortcodes/bw_address-2/,103
/oik-shortcodes/bw_blogs/bw_blogs/,103
/apis/uk-tides-apis/,103
/oik_shortcodes/codes/,103
/shortcodes/trying-the-div-end-div-shortcodes/,103
/oik_hook/bw_nav_tabs_page_tab/,103
/archived-pages/bw_pages-shortcode/example-bw_pages-using-the-format-parameter/,103
/oik_hook/cookies/,103
/oik_api/oik_path/,103
/wordpress-plugins-from-oik-plugins/wordpress-plugins/oik-nivo-slider/nivo-settings/nivo-slider-transition-effects/nivo-slider-effectsliceupleft/,103
/2014/01/oik-v2-1-beta-0106-now-wordpress-org/,103
/oik_hook/bw_nav_tabs_page/,103
/oik_hook/bw_field_validation_rating/,103
/oik_hook/after_plugin_row_oik-batchmoveoik-batchmove-php/,103
/oik_shortcodes/file/,103
/shortcode_example/display-cycling-list-latest-plugins/,103
/wordpress-plugins-from-oik-plugins/free-oik-plugins/oik-video-plugin/,102
/apis/oik-email-signature-apis/,102
/oik_pluginversion/bbboing-v1-8/,102
/wordpress-plugins-from-oik-plugins/free-oik-plugins/oik-sidebar/,102
/oik_pluginversion/oik-bwtrace-v2-0-0/,102
/oik_pluginversion/oik-v2-4-beta-1223/,102
/oik_pluginversion/oik-bwtrace-v1-25/,102
/archived-pages/bw_pages-shortcode/,102
/oik_shortcodes/bw_graphviz/,102
/oik_hook/bloginfo_url/,102
/oik_shortcodes/bw_copyright-2/,102
/2015/07/swapping-oik-plugins-com-and-oik-plugins-biz/,101
/oik_pluginversion/oik-fields-v1-40/,101
/oik_api/plugin_basename/,101
/apis/oik-debug-filters-apis/,101
/oik_premiumversion/oik-shortcodes-v1-26/,101
/oik_api/oikai_format_description/,101
/oik_api/bw_link_url/,101
/examples/example-bw_wtf-wht-the/,101
/oik_pluginversion/oik-v2-4-beta-1218/,101
/wordpress-plugins-from-oik-plugins/wordpress-plugins/oik-nivo-slider/nivo-settings/nivo-slider-transition-effects/nivo-slider-effectsliceupright/,101
/oik_pluginversion/oik-v2-1-beta-0106/,101
/apis/oik-header-apis/,101
/oik_shortcodes/bw_loginout/,101
/download/oik-shortcode-and-api-server/,101
/oik_hook/activate_plugin/,101
/oik_pluginversion/oik-clone-v0-9/,101
/shortcode_example/140/,101
/oik_shortcodes/bw_company/,101
/oik_shortcodes/bing-2/,101
/2014/04/oik-plugins-supports-wordpress-3-9-oik-version-2-2/,100
/wordpress-plugins-from-oik-plugins/premium-oik-plugins/oik-shortcode-and-api-server/oik_api-custom-post-type/,100
/wordpress-plugins-from-oik-plugins/free-oik-plugins/oik-header-plugin/,100
/oik_pluginversion/oik-v2-3-alpha-0728/,100
/oik-faq/format-shipping-rates-text-area/,100
/oik-clone/oik-clone-requirements-summary/oik-clone-technical-requirements/support-pushing-of-media-files-using-multipart-forms/,100
/oik_shortcodes/bw_business/,100
/oik_hook/after_plugin_row_oik-themesoik-themes-php/,100
/hover-selectors-oik-external-link-warning-jquery-plugin/,100
/oik_shortcodes/bw_iframe/,100
/oik_api/bw_register_field/,100
/oik_api/epan/,100
/archived-pages/,100
